{
  "titleHome": "Home",
  "titleBePremium": "Be Premium",
  "titleRateUs": "Rate App",
  "titleShareApp": "Share App",
  "titleReportIssue": "Report Issue",
  "titleAccount": "Account",
  "titlePackage": "Package",
  "titleDesign": "Designs",
  "titleFavourite": "Favourite",
  "titleCart": "Cart",
  "titleNotification": "Notification",
  "titleProfile": "Profile",
  "titlePostProfile": "Post Profile",
  "titleWhatsAppUpdates": "WhatsApp Updates",
  "titReferandEarn": "Refer & Earn",
  "titLegal": "Legal",
  "titSignOut": "Sign Out",
  "titSignIn": "Sign In",

  "labUser":"Name",
  "labDob":"Birth Date",
  "labAvDate":"Aniversary Date (optional)",
  "labState":"State",
  "labCity":"City",

  "labMobile": "Mobile No",
  "labPassword": "Password",
  "newPass": "New Password",
  "reTypePass": "Re Type Password",
  "labSignin": "Sign In",
  "labWelcomeBack": "Welcome back !!",
  "labGetStarted": "Get Started.",
  "labSignup": "Sign Up",
  "labSignInWithGoogle": "Google Sign in",
  "labSignInWithFacebook": "Facebook Sign in",
  "labSendOTP": "send OTP",
  "labVarifyOTP": "verify",
  "labAnOtpSent": "An OTP was sent your phone",
  "labAlreadyAcc": "Already have an account? ",
  "labNothaveAcc": "Don’t have an account? ",
  "labForgetPassword": "Forgot password?",
  "labForgotPass": "Forgot password",
  "txtWelcome": "Welcome back...",
  "txtCreateAccount": "Create Account",
  "labUploadingImage":"Uploading Image",
  "labsSaving":"Saving Data",

  "errorMobileNo": "Please enter valid mobile number",
  "errorEmail": "Please enter valid email address",
  "errorPassword": "Please enter valid password",
  "errorConfirmPassword": "password not match as above",
  "errorreTypePass": "New password not match as above",
  "errorName": "Please enter your name",
  "errorGender": "Please select your gender",

  "headerSearchHint": "Search Items. E.g Diwali",

  "cartEmpty": "Your cart is empty",

  "labAll": "All",

  "labFollowUs": "Follow Us On",
  "msgSocialIconLimit": "You can add maximum 4 social media icons",
  "txtShare": "Share",
  "txtDownload": "Download",
  "msgPerchasePkg": "Please perchase any package to use pro content",
  "msgPkgPurchaseSucess": "You have successfully received your package.",
  "msgCreateAcc": "Please login or create account to get these design",
  "msgCreateAccForPKg": "Please login or create account to get Package",
  "msgCreateAccEdit": "Please login or create account to edit profiles",
  "msgDesignDownload": "Your design downloaded successfully.",
  "msgShareNotAvaillable": "Uh oh, sharing isn't available on your platform",
  "msgSelectLayout": "select Layout first",

  "labNoDesignAvailable":"No Designs Available",
  "labNoPkgAvailable":"No Package Available",
  "txtDesignCredit": "Credit",
  "txtRemainingCredit": "Remaining",
  "txtPerchsedAt": "Perchased At",
  "txtExpiredAtFree": "Validity : ",
  "txtExpiredAt": "Validity : Lifetime",

  "msgCameraRollPermission": "we need camera roll permissions to make this work!",
  "labUserName": "Bussiness Name",
  "labEmail": "Email",
  "labDesignation": "Designation",
  "labSocialMediaId": "SocialMedia Id",
  "labWebsite": "Website",
  "txtSave": "Save",
  "errUserName": "Enter valid username",

  "labCompanyName": "Company Name",
  "labAddress": "Address",
  "errCompanyName": "Enter valid company name",
  "txtEdit": "edit",
  "txtReset": "reset",
  "labPerchase": "Purchase",
  "labPerchaseFree": "Get",
  "modalTxtPlaceHolder":"write here...",
  "labLoading":"Loading...",
  "labConfirmPassword":"Confirm Password",
  "labReferralcode":"Enter Referral code (optional)",
  "labSelecteLang":"Select Language",
  "labClose":"Close",
  "labSubmit":"Submit",
  "labSubmitSucess":"Submit Sucessfully.",
  "labEdit":"edit",
  "labPurchase":"Purchase",
  "labPurchasePremiumPkg":"Select your package first",
  "titPersonalProfile":"Personal",
  "titBussinessProfile":"Bussiness",
  "labfreeFeature":"Free features you love :",
  "labPremiumFeature":"Premium features you love :",
  "labDescription":"Description",
  "titMadeWithLoveInIndia": "Made with ❤️ in INDIA",
  "labInStock":"In Stock",
  "labOutOfStock":"Out Of Stock",
  "titSetLanguage":"Set Language",
  "titSelectPreferdLanguage":"Please Select Preferred Language",
  "labOtpVarification":"OTP Verification",
  "labEnterOtp":"Enter OTP sent  to ",
  "labDidnotReciveOtp":"Didn't receive OTP ? ",
  "labResend":" Resend OTP",
  "labNew":"New",
  "labToday":"Today",
  "labEarl":"Earlier",
  "titleAddReffercode":"Add Referral Code",
  "labEnterMobile":"Enter Mobile Number",
  "labFree":"free",
  "labPackage":"Package",
  "labPremium":"Premium",
  "labActive":"Active",
  "labExpired":"Expired",
  "shareYourExperiance":"Share your experiance",
  "weLoveToHearFromYou":"we love to hear from you !!",
  "IloveIt":"I love it !!",
  "itNeedsToBeImproved":"It Needs to be improved",
  "LayoutColor":"Layout color",
  "FontColor":"Font color",
  "labProfileImageSize":"Max. upload file size : 2 MB",

  "nolayout":"Please enter all required details to get this layout .",
  "nolayoutBussiness":"Please enter all required details to get this layout .",

  "personalLay1Msg":"Please enter all required details to get this layout .",
  "personalLay2Msg":"Please enter all required details to get this layout .",
  "personalLay3Msg":"Please enter all required details to get this layout .",
  "personalLay4Msg":"Please enter all required details to get this layout .",
  "personalLay5Msg":"Please enter all required details to get this layout .",
  "personalLay6Msg":"Please enter all required details to get this layout .",
  "personalLay7Msg":"Please enter all required details to get this layout .",

  "businessLay1Msg":"Please enter all required details to get this layout .",
  "businessLay2Msg":"Please enter all required details to get this layout .",
  "businessLay3Msg":"Please enter all required details to get this layout .",
  "businessLay4Msg":"Please enter all required details to get this layout .",
  "businessLay5Msg":"Please enter all required details to get this layout .",
  "businessLay6Msg":"Please enter all required details to get this layout .",
  "businessLay7Msg":"Please enter all required details to get this layout .",
  "businessLay8Msg":"Please enter all required details to get this layout .",
  "businessLay9Msg":"Please enter all required details to get this layout .",
  "businessLay10Msg":"Please enter all required details to get this layout .",

  "personalUserNameErr":"name can't be empty and you can enter maximum 25 characters",
  "personalMobileErr":"mobile can't be empty it must be valid and you can enter 10 characters only",
  "personalEmailErr":"email can't be empty it must be valid and you can enter maximum 26 characters",
  "personalDesignationErr":"designation can't be empty and you can enter maximum 18 characters",
  "personalSocialMediaIdErr":"socailmediaid can't be empty and you can enter maximum 20 characters",
  "personalWebsiteErr":"website can't be empty and you can enter maximum 26 characters",

  "bussinessUserNameErr":"name can't be empty and you can enter maximum 35 characters",
  "bussinessMobileErr":"mobile can't be empty it must be valid and you can enter 10 characters only",
  "bussinessEmailErr":"email can't be empty it must be valid and you can enter maximum 26 characters",
  "bussinessAddressErr":"Address can't be empty and you can enter maximum 41 characters",
  "bussinessSocialMediaIdErr":"socailmediaid can't be empty and you can enter maximum 20 characters",
  "bussinessWebsiteErr":"website can't be empty and you can enter maximum 26 characters",
  
  "labLayouts":"Layout",
  "labColorCodeList":"Color",
  "labSocialMediaIcons":"Social",

  "labWhatsApp":"Know What’s Up on Brand Dot !",
  "labUpdateWhatsApp":"Get all updates and best offers on WhatsApp",
  "labStayonWp":"Stay update on Whatsapp",
  "labUnsubscribeNoti":"Unsubscribe to these notification any time.",

  "lab1pkg":"Payment will be charged to your store at confirmation of purchase subscriptions will automatically renew unless auto renew is turn off at least 24 hours before the end of currant period.",
  "lab2pkg":"Your account will be charged according to your plan for renewal within 24 hours prior to the end of the currant period you can manage or turn off auto-renew in your account settings at any time after purchase."
}
